"filename", "language", "JavaScript", "JavaScript JSX", "PostCSS", "Markdown", "JSON", "HTML", "XML", "Java Properties", "Java", "Batch", "comment", "blank", "total"
"d:\Full-stack-Resources-and-Files\My Projects 2026\Spring Boot\Commerza\admin\README.md", "Markdown", 0, 0, 0, 9, 0, 0, 0, 0, 0, 0, 0, 8, 17
"d:\Full-stack-Resources-and-Files\My Projects 2026\Spring Boot\Commerza\admin\eslint.config.js", "JavaScript", 20, 0, 0, 0, 0, 0, 0, 0, 0, 0, 0, 2, 22
"d:\Full-stack-Resources-and-Files\My Projects 2026\Spring Boot\Commerza\admin\index.html", "HTML", 0, 0, 0, 0, 0, 13, 0, 0, 0, 0, 0, 1, 14
"d:\Full-stack-Resources-and-Files\My Projects 2026\Spring Boot\Commerza\admin\package-lock.json", "JSON", 0, 0, 0, 0, 3056, 0, 0, 0, 0, 0, 0, 1, 3057
"d:\Full-stack-Resources-and-Files\My Projects 2026\Spring Boot\Commerza\admin\package.json", "JSON", 0, 0, 0, 0, 31, 0, 0, 0, 0, 0, 0, 1, 32
"d:\Full-stack-Resources-and-Files\My Projects 2026\Spring Boot\Commerza\admin\src\App.jsx", "JavaScript JSX", 0, 7, 0, 0, 0, 0, 0, 0, 0, 0, 0, 4, 11
"d:\Full-stack-Resources-and-Files\My Projects 2026\Spring Boot\Commerza\admin\src\Pages\Login.jsx", "JavaScript JSX", 0, 159, 0, 0, 0, 0, 0, 0, 0, 0, 0, 12, 171
"d:\Full-stack-Resources-and-Files\My Projects 2026\Spring Boot\Commerza\admin\src\axios\api.js", "JavaScript", 12, 0, 0, 0, 0, 0, 0, 0, 0, 0, 0, 5, 17
"d:\Full-stack-Resources-and-Files\My Projects 2026\Spring Boot\Commerza\admin\src\index.css", "PostCSS", 0, 0, 1, 0, 0, 0, 0, 0, 0, 0, 0, 0, 1
"d:\Full-stack-Resources-and-Files\My Projects 2026\Spring Boot\Commerza\admin\src\layouts\Navbar.jsx", "JavaScript JSX", 0, 171, 0, 0, 0, 0, 0, 0, 0, 0, 0, 10, 181
"d:\Full-stack-Resources-and-Files\My Projects 2026\Spring Boot\Commerza\admin\src\main.jsx", "JavaScript JSX", 0, 9, 0, 0, 0, 0, 0, 0, 0, 0, 0, 2, 11
"d:\Full-stack-Resources-and-Files\My Projects 2026\Spring Boot\Commerza\admin\vite.config.js", "JavaScript", 8, 0, 0, 0, 0, 0, 0, 0, 0, 0, 1, 2, 11
"d:\Full-stack-Resources-and-Files\My Projects 2026\Spring Boot\Commerza\client\README.md", "Markdown", 0, 0, 0, 9, 0, 0, 0, 0, 0, 0, 0, 8, 17
"d:\Full-stack-Resources-and-Files\My Projects 2026\Spring Boot\Commerza\client\eslint.config.js", "JavaScript", 20, 0, 0, 0, 0, 0, 0, 0, 0, 0, 0, 2, 22
"d:\Full-stack-Resources-and-Files\My Projects 2026\Spring Boot\Commerza\client\index.html", "HTML", 0, 0, 0, 0, 0, 14, 0, 0, 0, 0, 0, 1, 15
"d:\Full-stack-Resources-and-Files\My Projects 2026\Spring Boot\Commerza\client\package-lock.json", "JSON", 0, 0, 0, 0, 3089, 0, 0, 0, 0, 0, 0, 1, 3090
"d:\Full-stack-Resources-and-Files\My Projects 2026\Spring Boot\Commerza\client\package.json", "JSON", 0, 0, 0, 0, 33, 0, 0, 0, 0, 0, 0, 1, 34
"d:\Full-stack-Resources-and-Files\My Projects 2026\Spring Boot\Commerza\client\src\App.jsx", "JavaScript JSX", 0, 81, 0, 0, 0, 0, 0, 0, 0, 0, 0, 3, 84
"d:\Full-stack-Resources-and-Files\My Projects 2026\Spring Boot\Commerza\client\src\assets\icons\cart.svg", "XML", 0, 0, 0, 0, 0, 0, 6, 0, 0, 0, 0, 1, 7
"d:\Full-stack-Resources-and-Files\My Projects 2026\Spring Boot\Commerza\client\src\axios\api.js", "JavaScript", 38, 0, 0, 0, 0, 0, 0, 0, 0, 0, 0, 17, 55
"d:\Full-stack-Resources-and-Files\My Projects 2026\Spring Boot\Commerza\client\src\context\AuthProvider.jsx", "JavaScript JSX", 0, 13, 0, 0, 0, 0, 0, 0, 0, 0, 0, 2, 15
"d:\Full-stack-Resources-and-Files\My Projects 2026\Spring Boot\Commerza\client\src\index.css", "PostCSS", 0, 0, 87, 0, 0, 0, 0, 0, 0, 0, 0, 16, 103
"d:\Full-stack-Resources-and-Files\My Projects 2026\Spring Boot\Commerza\client\src\layouts\Navbar.jsx", "JavaScript JSX", 0, 207, 0, 0, 0, 0, 0, 0, 0, 0, 8, 21, 236
"d:\Full-stack-Resources-and-Files\My Projects 2026\Spring Boot\Commerza\client\src\main.jsx", "JavaScript JSX", 0, 13, 0, 0, 0, 0, 0, 0, 0, 0, 0, 2, 15
"d:\Full-stack-Resources-and-Files\My Projects 2026\Spring Boot\Commerza\client\src\pages\Cart\Cart.jsx", "JavaScript JSX", 0, 230, 0, 0, 0, 0, 0, 0, 0, 0, 3, 22, 255
"d:\Full-stack-Resources-and-Files\My Projects 2026\Spring Boot\Commerza\client\src\pages\Checkout\Checkout.jsx", "JavaScript JSX", 0, 263, 0, 0, 0, 0, 0, 0, 0, 0, 5, 33, 301
"d:\Full-stack-Resources-and-Files\My Projects 2026\Spring Boot\Commerza\client\src\pages\Favourites\Favourites.jsx", "JavaScript JSX", 0, 298, 0, 0, 0, 0, 0, 0, 0, 0, 10, 22, 330
"d:\Full-stack-Resources-and-Files\My Projects 2026\Spring Boot\Commerza\client\src\pages\Home\Home.jsx", "JavaScript JSX", 0, 535, 0, 0, 0, 0, 0, 0, 0, 0, 7, 41, 583
"d:\Full-stack-Resources-and-Files\My Projects 2026\Spring Boot\Commerza\client\src\pages\Login\ForgetPassword.jsx", "JavaScript JSX", 0, 297, 0, 0, 0, 0, 0, 0, 0, 0, 0, 16, 313
"d:\Full-stack-Resources-and-Files\My Projects 2026\Spring Boot\Commerza\client\src\pages\Login\Login.jsx", "JavaScript JSX", 0, 159, 0, 0, 0, 0, 0, 0, 0, 0, 0, 12, 171
"d:\Full-stack-Resources-and-Files\My Projects 2026\Spring Boot\Commerza\client\src\pages\Login\NewPassword.jsx", "JavaScript JSX", 0, 130, 0, 0, 0, 0, 0, 0, 0, 0, 0, 10, 140
"d:\Full-stack-Resources-and-Files\My Projects 2026\Spring Boot\Commerza\client\src\pages\MyOrders\MyOrders.jsx", "JavaScript JSX", 0, 159, 0, 0, 0, 0, 0, 0, 0, 0, 0, 19, 178
"d:\Full-stack-Resources-and-Files\My Projects 2026\Spring Boot\Commerza\client\src\pages\Order\Order.jsx", "JavaScript JSX", 0, 252, 0, 0, 0, 0, 0, 0, 0, 0, 3, 29, 284
"d:\Full-stack-Resources-and-Files\My Projects 2026\Spring Boot\Commerza\client\src\pages\Product\Product.jsx", "JavaScript JSX", 0, 359, 0, 0, 0, 0, 0, 0, 0, 0, 12, 30, 401
"d:\Full-stack-Resources-and-Files\My Projects 2026\Spring Boot\Commerza\client\src\pages\Profile\Profile.jsx", "JavaScript JSX", 0, 7, 0, 0, 0, 0, 0, 0, 0, 0, 0, 2, 9
"d:\Full-stack-Resources-and-Files\My Projects 2026\Spring Boot\Commerza\client\src\pages\Register\Register.jsx", "JavaScript JSX", 0, 166, 0, 0, 0, 0, 0, 0, 0, 0, 0, 11, 177
"d:\Full-stack-Resources-and-Files\My Projects 2026\Spring Boot\Commerza\client\src\services\ProtectedRoutes.jsx", "JavaScript JSX", 0, 10, 0, 0, 0, 0, 0, 0, 0, 0, 0, 4, 14
"d:\Full-stack-Resources-and-Files\My Projects 2026\Spring Boot\Commerza\client\src\utils\OtpInput.jsx", "JavaScript JSX", 0, 60, 0, 0, 0, 0, 0, 0, 0, 0, 0, 16, 76
"d:\Full-stack-Resources-and-Files\My Projects 2026\Spring Boot\Commerza\client\vite.config.js", "JavaScript", 8, 0, 0, 0, 0, 0, 0, 0, 0, 0, 1, 2, 11
"d:\Full-stack-Resources-and-Files\My Projects 2026\Spring Boot\Commerza\server\.mvn\wrapper\maven-wrapper.properties", "Java Properties", 0, 0, 0, 0, 0, 0, 0, 3, 0, 0, 0, 1, 4
"d:\Full-stack-Resources-and-Files\My Projects 2026\Spring Boot\Commerza\server\mvnw.cmd", "Batch", 0, 0, 0, 0, 0, 0, 0, 0, 0, 139, 26, 25, 190
"d:\Full-stack-Resources-and-Files\My Projects 2026\Spring Boot\Commerza\server\pom.xml", "XML", 0, 0, 0, 0, 0, 0, 188, 0, 0, 0, 0, 10, 198
"d:\Full-stack-Resources-and-Files\My Projects 2026\Spring Boot\Commerza\server\src\main\java\com\example\commerza\CommerzaApplication.java", "Java", 0, 0, 0, 0, 0, 0, 0, 0, 11, 0, 0, 6, 17
"d:\Full-stack-Resources-and-Files\My Projects 2026\Spring Boot\Commerza\server\src\main\java\com\example\commerza\cart\controller\CartController.java", "Java", 0, 0, 0, 0, 0, 0, 0, 0, 53, 0, 0, 18, 71
"d:\Full-stack-Resources-and-Files\My Projects 2026\Spring Boot\Commerza\server\src\main\java\com\example\commerza\cart\dto\AddToCartRequest.java", "Java", 0, 0, 0, 0, 0, 0, 0, 0, 16, 0, 0, 4, 20
"d:\Full-stack-Resources-and-Files\My Projects 2026\Spring Boot\Commerza\server\src\main\java\com\example\commerza\cart\dto\CartItemResponse.java", "Java", 0, 0, 0, 0, 0, 0, 0, 0, 20, 0, 0, 11, 31
"d:\Full-stack-Resources-and-Files\My Projects 2026\Spring Boot\Commerza\server\src\main\java\com\example\commerza\cart\dto\CartResponse.java", "Java", 0, 0, 0, 0, 0, 0, 0, 0, 16, 0, 0, 8, 24
"d:\Full-stack-Resources-and-Files\My Projects 2026\Spring Boot\Commerza\server\src\main\java\com\example\commerza\cart\dto\MessageResponse.java", "Java", 0, 0, 0, 0, 0, 0, 0, 0, 10, 0, 0, 3, 13
"d:\Full-stack-Resources-and-Files\My Projects 2026\Spring Boot\Commerza\server\src\main\java\com\example\commerza\cart\dto\UpdateCartItemRequest.java", "Java", 0, 0, 0, 0, 0, 0, 0, 0, 14, 0, 0, 3, 17
"d:\Full-stack-Resources-and-Files\My Projects 2026\Spring Boot\Commerza\server\src\main\java\com\example\commerza\cart\entity\Cart.java", "Java", 0, 0, 0, 0, 0, 0, 0, 0, 29, 0, 0, 9, 38
"d:\Full-stack-Resources-and-Files\My Projects 2026\Spring Boot\Commerza\server\src\main\java\com\example\commerza\cart\entity\CartItem.java", "Java", 0, 0, 0, 0, 0, 0, 0, 0, 40, 0, 0, 11, 51
"d:\Full-stack-Resources-and-Files\My Projects 2026\Spring Boot\Commerza\server\src\main\java\com\example\commerza\cart\repository\CartItemRepository.java", "Java", 0, 0, 0, 0, 0, 0, 0, 0, 15, 0, 0, 9, 24
"d:\Full-stack-Resources-and-Files\My Projects 2026\Spring Boot\Commerza\server\src\main\java\com\example\commerza\cart\repository\CartRepository.java", "Java", 0, 0, 0, 0, 0, 0, 0, 0, 11, 0, 0, 7, 18
"d:\Full-stack-Resources-and-Files\My Projects 2026\Spring Boot\Commerza\server\src\main\java\com\example\commerza\cart\service\CartService.java", "Java", 0, 0, 0, 0, 0, 0, 0, 0, 11, 0, 0, 4, 15
"d:\Full-stack-Resources-and-Files\My Projects 2026\Spring Boot\Commerza\server\src\main\java\com\example\commerza\cart\service\CartServiceImpl.java", "Java", 0, 0, 0, 0, 0, 0, 0, 0, 172, 0, 0, 49, 221
"d:\Full-stack-Resources-and-Files\My Projects 2026\Spring Boot\Commerza\server\src\main\java\com\example\commerza\category\controller\CategoryController.java", "Java", 0, 0, 0, 0, 0, 0, 0, 0, 60, 0, 0, 13, 73
"d:\Full-stack-Resources-and-Files\My Projects 2026\Spring Boot\Commerza\server\src\main\java\com\example\commerza\category\dto\CategoryRequest.java", "Java", 0, 0, 0, 0, 0, 0, 0, 0, 3, 0, 0, 3, 6
"d:\Full-stack-Resources-and-Files\My Projects 2026\Spring Boot\Commerza\server\src\main\java\com\example\commerza\category\dto\CategoryResponse.java", "Java", 0, 0, 0, 0, 0, 0, 0, 0, 14, 0, 0, 5, 19
"d:\Full-stack-Resources-and-Files\My Projects 2026\Spring Boot\Commerza\server\src\main\java\com\example\commerza\category\dto\CreateCategoryRequest.java", "Java", 0, 0, 0, 0, 0, 0, 0, 0, 15, 0, 0, 4, 19
"d:\Full-stack-Resources-and-Files\My Projects 2026\Spring Boot\Commerza\server\src\main\java\com\example\commerza\category\dto\CreateCategoryResponse.java", "Java", 0, 0, 0, 0, 0, 0, 0, 0, 17, 0, 0, 6, 23
"d:\Full-stack-Resources-and-Files\My Projects 2026\Spring Boot\Commerza\server\src\main\java\com\example\commerza\category\dto\ErrorResponse.java", "Java", 0, 0, 0, 0, 0, 0, 0, 0, 11, 0, 0, 3, 14
"d:\Full-stack-Resources-and-Files\My Projects 2026\Spring Boot\Commerza\server\src\main\java\com\example\commerza\category\dto\UpdateCategoryRequest.java", "Java", 0, 0, 0, 0, 0, 0, 0, 0, 14, 0, 0, 6, 20
"d:\Full-stack-Resources-and-Files\My Projects 2026\Spring Boot\Commerza\server\src\main\java\com\example\commerza\category\entity\Category.java", "Java", 0, 0, 0, 0, 0, 0, 0, 0, 32, 0, 0, 9, 41
"d:\Full-stack-Resources-and-Files\My Projects 2026\Spring Boot\Commerza\server\src\main\java\com\example\commerza\category\exception\GlobalExceptionHandler.java", "Java", 0, 0, 0, 0, 0, 0, 0, 0, 25, 0, 0, 9, 34
"d:\Full-stack-Resources-and-Files\My Projects 2026\Spring Boot\Commerza\server\src\main\java\com\example\commerza\category\repository\CategoryRepository.java", "Java", 0, 0, 0, 0, 0, 0, 0, 0, 11, 0, 0, 4, 15
"d:\Full-stack-Resources-and-Files\My Projects 2026\Spring Boot\Commerza\server\src\main\java\com\example\commerza\category\service\CategoryService.java", "Java", 0, 0, 0, 0, 0, 0, 0, 0, 11, 0, 0, 4, 15
"d:\Full-stack-Resources-and-Files\My Projects 2026\Spring Boot\Commerza\server\src\main\java\com\example\commerza\category\service\CategoryServiceImpl.java", "Java", 0, 0, 0, 0, 0, 0, 0, 0, 124, 0, 0, 23, 147
"d:\Full-stack-Resources-and-Files\My Projects 2026\Spring Boot\Commerza\server\src\main\java\com\example\commerza\favorites\controller\FavoriteController.java", "Java", 0, 0, 0, 0, 0, 0, 0, 0, 45, 0, 0, 17, 62
"d:\Full-stack-Resources-and-Files\My Projects 2026\Spring Boot\Commerza\server\src\main\java\com\example\commerza\favorites\dto\AddFavoritesRequest.java", "Java", 0, 0, 0, 0, 0, 0, 0, 0, 12, 0, 0, 3, 15
"d:\Full-stack-Resources-and-Files\My Projects 2026\Spring Boot\Commerza\server\src\main\java\com\example\commerza\favorites\dto\FavoriteResponse.java", "Java", 0, 0, 0, 0, 0, 0, 0, 0, 17, 0, 0, 4, 21
"d:\Full-stack-Resources-and-Files\My Projects 2026\Spring Boot\Commerza\server\src\main\java\com\example\commerza\favorites\entity\Favorites.java", "Java", 0, 0, 0, 0, 0, 0, 0, 0, 37, 0, 0, 8, 45
"d:\Full-stack-Resources-and-Files\My Projects 2026\Spring Boot\Commerza\server\src\main\java\com\example\commerza\favorites\repository\FavoriteRepository.java", "Java", 0, 0, 0, 0, 0, 0, 0, 0, 13, 0, 0, 7, 20
"d:\Full-stack-Resources-and-Files\My Projects 2026\Spring Boot\Commerza\server\src\main\java\com\example\commerza\favorites\service\FavoriteService.java", "Java", 0, 0, 0, 0, 0, 0, 0, 0, 113, 0, 10, 35, 158
"d:\Full-stack-Resources-and-Files\My Projects 2026\Spring Boot\Commerza\server\src\main\java\com\example\commerza\order\controller\OrderController.java", "Java", 0, 0, 0, 0, 0, 0, 0, 0, 64, 0, 0, 21, 85
"d:\Full-stack-Resources-and-Files\My Projects 2026\Spring Boot\Commerza\server\src\main\java\com\example\commerza\order\dto\request\BuyNowRequest.java", "Java", 0, 0, 0, 0, 0, 0, 0, 0, 24, 0, 0, 8, 32
"d:\Full-stack-Resources-and-Files\My Projects 2026\Spring Boot\Commerza\server\src\main\java\com\example\commerza\order\dto\request\PlaceOrderRequest.java", "Java", 0, 0, 0, 0, 0, 0, 0, 0, 18, 0, 0, 4, 22
"d:\Full-stack-Resources-and-Files\My Projects 2026\Spring Boot\Commerza\server\src\main\java\com\example\commerza\order\dto\request\UpdateOrderStatusRequest.java", "Java", 0, 0, 0, 0, 0, 0, 0, 0, 13, 0, 0, 3, 16
"d:\Full-stack-Resources-and-Files\My Projects 2026\Spring Boot\Commerza\server\src\main\java\com\example\commerza\order\dto\response\OrderItemResponse.java", "Java", 0, 0, 0, 0, 0, 0, 0, 0, 16, 0, 0, 9, 25
"d:\Full-stack-Resources-and-Files\My Projects 2026\Spring Boot\Commerza\server\src\main\java\com\example\commerza\order\dto\response\OrderProductSummary.java", "Java", 0, 0, 0, 0, 0, 0, 0, 0, 12, 0, 0, 6, 18
"d:\Full-stack-Resources-and-Files\My Projects 2026\Spring Boot\Commerza\server\src\main\java\com\example\commerza\order\dto\response\OrderResponse.java", "Java", 0, 0, 0, 0, 0, 0, 0, 0, 23, 0, 0, 12, 35
"d:\Full-stack-Resources-and-Files\My Projects 2026\Spring Boot\Commerza\server\src\main\java\com\example\commerza\order\dto\response\OrderSummaryResponse.java", "Java", 0, 0, 0, 0, 0, 0, 0, 0, 20, 0, 0, 9, 29
"d:\Full-stack-Resources-and-Files\My Projects 2026\Spring Boot\Commerza\server\src\main\java\com\example\commerza\order\entity\Order.java", "Java", 0, 0, 0, 0, 0, 0, 0, 0, 59, 0, 0, 15, 74
"d:\Full-stack-Resources-and-Files\My Projects 2026\Spring Boot\Commerza\server\src\main\java\com\example\commerza\order\entity\OrderItem.java", "Java", 0, 0, 0, 0, 0, 0, 0, 0, 44, 0, 0, 11, 55
"d:\Full-stack-Resources-and-Files\My Projects 2026\Spring Boot\Commerza\server\src\main\java\com\example\commerza\order\entity\OrderStatus.java", "Java", 0, 0, 0, 0, 0, 0, 0, 0, 8, 0, 0, 2, 10
"d:\Full-stack-Resources-and-Files\My Projects 2026\Spring Boot\Commerza\server\src\main\java\com\example\commerza\order\repository\OrderItemRepository.java", "Java", 0, 0, 0, 0, 0, 0, 0, 0, 8, 0, 0, 4, 12
"d:\Full-stack-Resources-and-Files\My Projects 2026\Spring Boot\Commerza\server\src\main\java\com\example\commerza\order\repository\OrderRepository.java", "Java", 0, 0, 0, 0, 0, 0, 0, 0, 11, 0, 0, 6, 17
"d:\Full-stack-Resources-and-Files\My Projects 2026\Spring Boot\Commerza\server\src\main\java\com\example\commerza\order\service\OrderService.java", "Java", 0, 0, 0, 0, 0, 0, 0, 0, 427, 0, 59, 114, 600
"d:\Full-stack-Resources-and-Files\My Projects 2026\Spring Boot\Commerza\server\src\main\java\com\example\commerza\payment\config\RazorpayConfig.java", "Java", 0, 0, 0, 0, 0, 0, 0, 0, 16, 0, 0, 5, 21
"d:\Full-stack-Resources-and-Files\My Projects 2026\Spring Boot\Commerza\server\src\main\java\com\example\commerza\payment\controller\PaymentController.java", "Java", 0, 0, 0, 0, 0, 0, 0, 0, 33, 0, 0, 10, 43
"d:\Full-stack-Resources-and-Files\My Projects 2026\Spring Boot\Commerza\server\src\main\java\com\example\commerza\payment\dto\request\CreatePaymentOrderRequest.java", "Java", 0, 0, 0, 0, 0, 0, 0, 0, 12, 0, 0, 3, 15
"d:\Full-stack-Resources-and-Files\My Projects 2026\Spring Boot\Commerza\server\src\main\java\com\example\commerza\payment\dto\request\VerifyPaymentRequest.java", "Java", 0, 0, 0, 0, 0, 0, 0, 0, 19, 0, 0, 6, 25
"d:\Full-stack-Resources-and-Files\My Projects 2026\Spring Boot\Commerza\server\src\main\java\com\example\commerza\payment\dto\response\PaymentOrderResponse.java", "Java", 0, 0, 0, 0, 0, 0, 0, 0, 15, 0, 0, 8, 23
"d:\Full-stack-Resources-and-Files\My Projects 2026\Spring Boot\Commerza\server\src\main\java\com\example\commerza\payment\entity\Payment.java", "Java", 0, 0, 0, 0, 0, 0, 0, 0, 46, 0, 0, 13, 59
"d:\Full-stack-Resources-and-Files\My Projects 2026\Spring Boot\Commerza\server\src\main\java\com\example\commerza\payment\entity\PaymentStatus.java", "Java", 0, 0, 0, 0, 0, 0, 0, 0, 8, 0, 0, 1, 9
"d:\Full-stack-Resources-and-Files\My Projects 2026\Spring Boot\Commerza\server\src\main\java\com\example\commerza\payment\repository\PaymentRepository.java", "Java", 0, 0, 0, 0, 0, 0, 0, 0, 11, 0, 0, 7, 18
"d:\Full-stack-Resources-and-Files\My Projects 2026\Spring Boot\Commerza\server\src\main\java\com\example\commerza\payment\service\PaymentService.java", "Java", 0, 0, 0, 0, 0, 0, 0, 0, 88, 0, 19, 59, 166
"d:\Full-stack-Resources-and-Files\My Projects 2026\Spring Boot\Commerza\server\src\main\java\com\example\commerza\product\controller\ProductController.java", "Java", 0, 0, 0, 0, 0, 0, 0, 0, 65, 0, 0, 15, 80
"d:\Full-stack-Resources-and-Files\My Projects 2026\Spring Boot\Commerza\server\src\main\java\com\example\commerza\product\dto\CreateProductRequest.java", "Java", 0, 0, 0, 0, 0, 0, 0, 0, 30, 0, 0, 12, 42
"d:\Full-stack-Resources-and-Files\My Projects 2026\Spring Boot\Commerza\server\src\main\java\com\example\commerza\product\dto\ProductResponse.java", "Java", 0, 0, 0, 0, 0, 0, 0, 0, 46, 0, 0, 14, 60
"d:\Full-stack-Resources-and-Files\My Projects 2026\Spring Boot\Commerza\server\src\main\java\com\example\commerza\product\dto\UpdateProductRequest.java", "Java", 0, 0, 0, 0, 0, 0, 0, 0, 30, 0, 0, 12, 42
"d:\Full-stack-Resources-and-Files\My Projects 2026\Spring Boot\Commerza\server\src\main\java\com\example\commerza\product\entity\Product.java", "Java", 0, 0, 0, 0, 0, 0, 0, 0, 47, 0, 0, 14, 61
"d:\Full-stack-Resources-and-Files\My Projects 2026\Spring Boot\Commerza\server\src\main\java\com\example\commerza\product\mapper\ProductMapper.java", "Java", 0, 0, 0, 0, 0, 0, 0, 0, 17, 0, 0, 9, 26
"d:\Full-stack-Resources-and-Files\My Projects 2026\Spring Boot\Commerza\server\src\main\java\com\example\commerza\product\repository\ProductRepository.java", "Java", 0, 0, 0, 0, 0, 0, 0, 0, 11, 0, 0, 4, 15
"d:\Full-stack-Resources-and-Files\My Projects 2026\Spring Boot\Commerza\server\src\main\java\com\example\commerza\product\service\ProductService.java", "Java", 0, 0, 0, 0, 0, 0, 0, 0, 17, 0, 0, 5, 22
"d:\Full-stack-Resources-and-Files\My Projects 2026\Spring Boot\Commerza\server\src\main\java\com\example\commerza\product\service\ProductServiceImpl.java", "Java", 0, 0, 0, 0, 0, 0, 0, 0, 167, 0, 0, 48, 215
"d:\Full-stack-Resources-and-Files\My Projects 2026\Spring Boot\Commerza\server\src\main\java\com\example\commerza\user\config\CorsConfig.java", "Java", 0, 0, 0, 0, 0, 0, 0, 0, 35, 0, 0, 12, 47
"d:\Full-stack-Resources-and-Files\My Projects 2026\Spring Boot\Commerza\server\src\main\java\com\example\commerza\user\config\SecurityConfig.java", "Java", 0, 0, 0, 0, 0, 0, 0, 0, 53, 0, 0, 19, 72
"d:\Full-stack-Resources-and-Files\My Projects 2026\Spring Boot\Commerza\server\src\main\java\com\example\commerza\user\controller\UserController.java", "Java", 0, 0, 0, 0, 0, 0, 0, 0, 50, 0, 0, 12, 62
"d:\Full-stack-Resources-and-Files\My Projects 2026\Spring Boot\Commerza\server\src\main\java\com\example\commerza\user\dto\LoginRequest.java", "Java", 0, 0, 0, 0, 0, 0, 0, 0, 17, 0, 0, 5, 22
"d:\Full-stack-Resources-and-Files\My Projects 2026\Spring Boot\Commerza\server\src\main\java\com\example\commerza\user\dto\LoginResponse.java", "Java", 0, 0, 0, 0, 0, 0, 0, 0, 16, 0, 0, 3, 19
"d:\Full-stack-Resources-and-Files\My Projects 2026\Spring Boot\Commerza\server\src\main\java\com\example\commerza\user\dto\LogoutRequest.java", "Java", 0, 0, 0, 0, 0, 0, 0, 0, 10, 0, 0, 3, 13
"d:\Full-stack-Resources-and-Files\My Projects 2026\Spring Boot\Commerza\server\src\main\java\com\example\commerza\user\dto\LogoutResponse.java", "Java", 0, 0, 0, 0, 0, 0, 0, 0, 10, 0, 0, 3, 13
"d:\Full-stack-Resources-and-Files\My Projects 2026\Spring Boot\Commerza\server\src\main\java\com\example\commerza\user\dto\RegisterRequest.java", "Java", 0, 0, 0, 0, 0, 0, 0, 0, 24, 0, 0, 6, 30
"d:\Full-stack-Resources-and-Files\My Projects 2026\Spring Boot\Commerza\server\src\main\java\com\example\commerza\user\dto\RegisterResponse.java", "Java", 0, 0, 0, 0, 0, 0, 0, 0, 20, 0, 0, 10, 30
"d:\Full-stack-Resources-and-Files\My Projects 2026\Spring Boot\Commerza\server\src\main\java\com\example\commerza\user\entity\Role.java", "Java", 0, 0, 0, 0, 0, 0, 0, 0, 5, 0, 0, 2, 7
"d:\Full-stack-Resources-and-Files\My Projects 2026\Spring Boot\Commerza\server\src\main\java\com\example\commerza\user\entity\User.java", "Java", 0, 0, 0, 0, 0, 0, 0, 0, 30, 0, 0, 12, 42
"d:\Full-stack-Resources-and-Files\My Projects 2026\Spring Boot\Commerza\server\src\main\java\com\example\commerza\user\passwordreset\dto\PasswordRequest.java", "Java", 0, 0, 0, 0, 0, 0, 0, 0, 18, 0, 0, 7, 25
"d:\Full-stack-Resources-and-Files\My Projects 2026\Spring Boot\Commerza\server\src\main\java\com\example\commerza\user\passwordreset\dto\PasswordResponse.java", "Java", 0, 0, 0, 0, 0, 0, 0, 0, 11, 0, 0, 4, 15
"d:\Full-stack-Resources-and-Files\My Projects 2026\Spring Boot\Commerza\server\src\main\java\com\example\commerza\user\passwordreset\dto\ResetRequest.java", "Java", 0, 0, 0, 0, 0, 0, 0, 0, 13, 0, 0, 4, 17
"d:\Full-stack-Resources-and-Files\My Projects 2026\Spring Boot\Commerza\server\src\main\java\com\example\commerza\user\passwordreset\dto\ResetResponse.java", "Java", 0, 0, 0, 0, 0, 0, 0, 0, 10, 0, 0, 4, 14
"d:\Full-stack-Resources-and-Files\My Projects 2026\Spring Boot\Commerza\server\src\main\java\com\example\commerza\user\passwordreset\dto\VerifyRequest.java", "Java", 0, 0, 0, 0, 0, 0, 0, 0, 16, 0, 0, 6, 22
"d:\Full-stack-Resources-and-Files\My Projects 2026\Spring Boot\Commerza\server\src\main\java\com\example\commerza\user\passwordreset\dto\VerifyResponse.java", "Java", 0, 0, 0, 0, 0, 0, 0, 0, 13, 0, 0, 5, 18
"d:\Full-stack-Resources-and-Files\My Projects 2026\Spring Boot\Commerza\server\src\main\java\com\example\commerza\user\passwordreset\entity\PasswordReset.java", "Java", 0, 0, 0, 0, 0, 0, 0, 0, 31, 0, 0, 11, 42
"d:\Full-stack-Resources-and-Files\My Projects 2026\Spring Boot\Commerza\server\src\main\java\com\example\commerza\user\passwordreset\repository\ResetPassRepository.java", "Java", 0, 0, 0, 0, 0, 0, 0, 0, 8, 0, 0, 3, 11
"d:\Full-stack-Resources-and-Files\My Projects 2026\Spring Boot\Commerza\server\src\main\java\com\example\commerza\user\passwordreset\util\OtpUtil.java", "Java", 0, 0, 0, 0, 0, 0, 0, 0, 13, 0, 0, 7, 20
"d:\Full-stack-Resources-and-Files\My Projects 2026\Spring Boot\Commerza\server\src\main\java\com\example\commerza\user\refreshtoken\dto\RefreshRequest.java", "Java", 0, 0, 0, 0, 0, 0, 0, 0, 10, 0, 0, 4, 14
"d:\Full-stack-Resources-and-Files\My Projects 2026\Spring Boot\Commerza\server\src\main\java\com\example\commerza\user\refreshtoken\dto\RefreshResponse.java", "Java", 0, 0, 0, 0, 0, 0, 0, 0, 12, 0, 0, 4, 16
"d:\Full-stack-Resources-and-Files\My Projects 2026\Spring Boot\Commerza\server\src\main\java\com\example\commerza\user\refreshtoken\entity\RefreshToken.java", "Java", 0, 0, 0, 0, 0, 0, 0, 0, 29, 0, 0, 9, 38
"d:\Full-stack-Resources-and-Files\My Projects 2026\Spring Boot\Commerza\server\src\main\java\com\example\commerza\user\refreshtoken\repository\RefreshTokenRepository.java", "Java", 0, 0, 0, 0, 0, 0, 0, 0, 11, 0, 0, 5, 16
"d:\Full-stack-Resources-and-Files\My Projects 2026\Spring Boot\Commerza\server\src\main\java\com\example\commerza\user\refreshtoken\service\RefreshTokenService.java", "Java", 0, 0, 0, 0, 0, 0, 0, 0, 43, 0, 0, 10, 53
"d:\Full-stack-Resources-and-Files\My Projects 2026\Spring Boot\Commerza\server\src\main\java\com\example\commerza\user\refreshtoken\util\RefreshTokenUtil.java", "Java", 0, 0, 0, 0, 0, 0, 0, 0, 18, 0, 0, 8, 26
"d:\Full-stack-Resources-and-Files\My Projects 2026\Spring Boot\Commerza\server\src\main\java\com\example\commerza\user\repository\UserRespository.java", "Java", 0, 0, 0, 0, 0, 0, 0, 0, 7, 0, 0, 3, 10
"d:\Full-stack-Resources-and-Files\My Projects 2026\Spring Boot\Commerza\server\src\main\java\com\example\commerza\user\security\JwtFilter.java", "Java", 0, 0, 0, 0, 0, 0, 0, 0, 60, 0, 0, 15, 75
"d:\Full-stack-Resources-and-Files\My Projects 2026\Spring Boot\Commerza\server\src\main\java\com\example\commerza\user\security\JwtUtil.java", "Java", 0, 0, 0, 0, 0, 0, 0, 0, 43, 0, 0, 13, 56
"d:\Full-stack-Resources-and-Files\My Projects 2026\Spring Boot\Commerza\server\src\main\java\com\example\commerza\user\service\EmailService.java", "Java", 0, 0, 0, 0, 0, 0, 0, 0, 18, 0, 0, 5, 23
"d:\Full-stack-Resources-and-Files\My Projects 2026\Spring Boot\Commerza\server\src\main\java\com\example\commerza\user\service\UserService.java", "Java", 0, 0, 0, 0, 0, 0, 0, 0, 160, 0, 0, 46, 206
"d:\Full-stack-Resources-and-Files\My Projects 2026\Spring Boot\Commerza\server\src\main\resources\application.properties", "Java Properties", 0, 0, 0, 0, 0, 0, 0, 16, 0, 0, 0, 4, 20
"d:\Full-stack-Resources-and-Files\My Projects 2026\Spring Boot\Commerza\server\src\test\java\com\example\commerza\CommerzaApplicationTests.java", "Java", 0, 0, 0, 0, 0, 0, 0, 0, 9, 0, 0, 5, 14
"Total", "-", 106, 3585, 88, 18, 6209, 27, 194, 19, 3240, 139, 164, 1471, 15260